國文,英文,數學,社會,自然
12,14,6,11,14
12,8,8,9,14
10,7,8,10,13
6,11,8,14,7
11,13,6,14,8
8,8,14,6,12
9,8,14,13,8
12,6,7,13,10
9,7,6,7,6
14,6,12,13,9
9,12,9,10,10
7,7,14,10,7
7,9,8,9,7
9,12,15,12,10
9,9,13,8,11
6,7,10,14,10
8,11,8,7,7
15,6,6,13,14
11,9,9,13,7
9,7,15,7,11
12,8,9,14,8
12,10,6,14,9
13,7,13,10,7
12,8,8,6,13
15,15,14,7,15
8,9,11,14,6
13,15,11,15,12
9,15,11,8,13
8,9,11,6,13
8,13,15,15,10
14,13,15,7,7
13,13,13,6,15
6,15,11,6,8
9,15,11,8,11
11,11,9,14,7
6,6,6,10,15
14,7,10,7,15
7,13,10,11,6
7,11,6,8,10
14,13,14,8,14
9,8,15,6,12
8,7,13,9,8
7,6,11,8,8
11,12,11,15,15
11,10,12,9,10
11,9,7,11,10
15,12,11,14,10
8,10,11,11,14
8,13,10,11,7
11,12,15,11,13
12,10,8,9,14
14,10,15,6,11
11,6,11,15,7
13,8,9,6,13
7,15,7,14,6
9,8,9,6,11
9,9,10,8,7
15,8,12,8,8
8,14,10,10,7
13,9,14,10,7
14,8,15,6,8
11,15,9,13,8
15,9,15,12,9
15,14,6,10,7
9,12,11,15,12
15,6,10,12,7
9,9,11,9,10
14,7,6,11,14
11,15,7,15,8
14,10,10,8,13
8,9,10,14,13
6,8,9,12,15
6,14,6,7,11
9,10,7,7,11
9,11,8,13,7
6,11,8,9,7
10,9,6,15,10
9,10,13,9,8
11,10,13,9,6
13,11,10,12,8
6,12,11,13,12
6,9,9,8,10
8,9,9,13,15
8,8,11,15,9
11,14,9,7,15
9,12,15,13,8
8,11,11,9,6
10,8,11,8,15
15,9,6,14,12
10,11,12,14,15
12,8,7,11,14
12,12,15,8,13
9,7,10,7,13
10,6,10,12,9
7,6,14,6,12
6,9,9,12,9
9,11,8,12,6
15,7,13,13,12
9,9,15,10,15
15,7,7,12,11
